Description,Zona_adash,Equipo_adash,Equipo_home,Planta_home,Zona_home,KKS_TERMO
Cosentino,Zona 2 S-1,S1-M02,S1-Ventilador M02,Dekton,ZONA 2 A SECADOR 1,COS
Cosentino,Zona 2 S-1,S1-M02,S1-Ventilador M2,Dekton,ZONA 2 A SECADOR 1,COS
Cosentino,Zona 2 S-1,S1-M03,S1-Ventilador M3,Dekton,ZONA 2 A SECADOR 1,COS
Cosentino,Zona 2 S-1,S1-M05,S1-Ventilador M5,Dekton,ZONA 2 A SECADOR 1,COS
Cosentino,Zona 2 S-1,S1-M06,S1-Ventilador M6,Dekton,ZONA 2 A SECADOR 1,COS
Cosentino,Zona 2 S-1,S1-M08,S1-Ventilador M8,Dekton,ZONA 2 A SECADOR 1,COS
Cosentino,Zona 2 S-1,S1-M09,S1-Ventilador M9,Dekton,ZONA 2 A SECADOR 1,COS
Cosentino,Zona 2 S-1,S1-M11,S1-Ventilador M11,Dekton,ZONA 2 A SECADOR 1,COS
Cosentino,Zona 2 S-1,S1-M12,S1-Ventilador M12,Dekton,ZONA 2 A SECADOR 1,COS
Cosentino,Zona 2 S-1,S1-M14,S1-Ventilador M14,Dekton,ZONA 2 A SECADOR 1,COS
Cosentino,Zona 2 S-1,S1-M15,S1-Ventilador M15,Dekton,ZONA 2 A SECADOR 1,COS
Cosentino,Zona 2 S-1,S1-M17,S1-Ventilador M17,Dekton,ZONA 2 A SECADOR 1,COS
Cosentino,Zona 2 S-1,S1-M18,S1-Ventilador M18,Dekton,ZONA 2 A SECADOR 1,COS
Cosentino,Zona 2 S-1,S1-M20,S1-Ventilador M20,Dekton,ZONA 2 A SECADOR 1,COS
Cosentino,Zona 2 S-1,S1-M21,S1-Ventilador M21,Dekton,ZONA 2 A SECADOR 1,COS
Cosentino,Zona 2 S-1,S1-M23,S1-Ventilador M23,Dekton,ZONA 2 A SECADOR 1,COS
Cosentino,Zona 2 S-1,S1-M24,S1-Ventilador M24,Dekton,ZONA 2 A SECADOR 1,COS
Cosentino,Zona 2 S-1,S1-M26,S1-Ventilador M26,Dekton,ZONA 2 A SECADOR 1,COS
Cosentino,Zona 2 S-1,S1-M27,S1-Ventilador M27,Dekton,ZONA 2 A SECADOR 1,COS
Cosentino,Zona 2 S-1,S1-M29,S1-Ventilador M29,Dekton,ZONA 2 A SECADOR 1,COS
Cosentino,Zona 2 S-1,S1-M30,S1-Ventilador M30,Dekton,ZONA 2 A SECADOR 1,COS
Cosentino,Zona 2 S-1,S1-M32,S1-Ventilador M32,Dekton,ZONA 2 A SECADOR 1,COS
Cosentino,Zona 2 S-1,S1-M33,S1-Ventilador M33,Dekton,ZONA 2 A SECADOR 1,COS
Cosentino,Zona 2 S-1,S1-M35,S1-Ventilador M35,Dekton,ZONA 2 A SECADOR 1,COS
Cosentino,Zona 2 S-1,S1-M36,S1-Ventilador M36,Dekton,ZONA 2 A SECADOR 1,COS
Cosentino,Zona 2 S-1,S1-M38,S1-Ventilador M38,Dekton,ZONA 2 A SECADOR 1,COS
Cosentino,Zona 2 S-1,S1-M39,S1-Ventilador M39,Dekton,ZONA 2 A SECADOR 1,COS
Cosentino,Zona 2 S-1,S1-M41,S1-Ventilador M41,Dekton,ZONA 2 A SECADOR 1,COS
Cosentino,Zona 2 S-1,S1-M42,S1-Ventilador M42,Dekton,ZONA 2 A SECADOR 1,COS
Cosentino,Zona 2 S-1,S1-M40,S1-Ventilador Extracción M40,Dekton,ZONA 2 A SECADOR 1,COS
Cosentino,Zona 2 S-1,S1-M37,S1-Ventilador Extracción M37,Dekton,ZONA 2 A SECADOR 1,COS
Cosentino,Zona 2 S-1,S1-M19,S1-Ventilador Extracción M19,Dekton,ZONA 2 A SECADOR 1,COS
Cosentino,Zona 2 S-1,S1-M01,S1-Ventilador Extracción M1,Dekton,ZONA 2 A SECADOR 1,COS
Cosentino,Zona 2 S-3,S3-M02,S3-Ventilador M2,Dekton,ZONA 2 A SECADOR 3,COS
Cosentino,Zona 2 S-3,S3-M03,S3-Ventilador M3,Dekton,ZONA 2 A SECADOR 3,COS
Cosentino,Zona 2 S-3,S3-M05,S3-Ventilador M5,Dekton,ZONA 2 A SECADOR 3,COS
Cosentino,Zona 2 S-3,S3-M06,S3-Ventilador M6,Dekton,ZONA 2 A SECADOR 3,COS
Cosentino,Zona 2 S-3,S3-M08,S3-Ventilador M8,Dekton,ZONA 2 A SECADOR 3,COS
Cosentino,Zona 2 S-3,S3-M09,S3-Ventilador M9,Dekton,ZONA 2 A SECADOR 3,COS
Cosentino,Zona 2 S-3,S3-M11,S3-Ventilador M11,Dekton,ZONA 2 A SECADOR 3,COS
Cosentino,Zona 2 S-3,S3-M12,S3-Ventilador M12,Dekton,ZONA 2 A SECADOR 3,COS
Cosentino,Zona 2 S-3,S3-M14,S3-Ventilador M14,Dekton,ZONA 2 A SECADOR 3,COS
Cosentino,Zona 2 S-3,S3-M15,S3-Ventilador M15,Dekton,ZONA 2 A SECADOR 3,COS
Cosentino,Zona 2 S-3,S3-M17,S3-Ventilador M17,Dekton,ZONA 2 A SECADOR 3,COS
Cosentino,Zona 2 S-3,S3-M18,S3-Ventilador M18,Dekton,ZONA 2 A SECADOR 3,COS
Cosentino,Zona 2 S-3,S3-M20,S3-Ventilador M20,Dekton,ZONA 2 A SECADOR 3,COS
Cosentino,Zona 2 S-3,S3-M21,S3-Ventilador M21,Dekton,ZONA 2 A SECADOR 3,COS
Cosentino,Zona 2 S-3,S3-M23,S3-Ventilador M23,Dekton,ZONA 2 A SECADOR 3,COS
Cosentino,Zona 2 S-3,S3-M24,S3-Ventilador M24,Dekton,ZONA 2 A SECADOR 3,COS
Cosentino,Zona 2 S-3,S3-M26,S3-Ventilador M26,Dekton,ZONA 2 A SECADOR 3,COS
Cosentino,Zona 2 S-3,S3-M27,S3-Ventilador M27,Dekton,ZONA 2 A SECADOR 3,COS
Cosentino,Zona 2 S-3,S3-M29,S3-Ventilador M29,Dekton,ZONA 2 A SECADOR 3,COS
Cosentino,Zona 2 S-3,S3-M30,S3-Ventilador M30,Dekton,ZONA 2 A SECADOR 3,COS
Cosentino,Zona 2 S-3,S3-M32,S3-Ventilador M32,Dekton,ZONA 2 A SECADOR 3,COS
Cosentino,Zona 2 S-3,S3-M33,S3-Ventilador M33,Dekton,ZONA 2 A SECADOR 3,COS
Cosentino,Zona 2 S-3,S3-M35,S3-Ventilador M35,Dekton,ZONA 2 A SECADOR 3,COS
Cosentino,Zona 2 S-3,S3-M36,S3-Ventilador M36,Dekton,ZONA 2 A SECADOR 3,COS
Cosentino,Zona 2 S-3,S3-M38,S3-Ventilador M38,Dekton,ZONA 2 A SECADOR 3,COS
Cosentino,Zona 2 S-3,S3-M39,S3-Ventilador M39,Dekton,ZONA 2 A SECADOR 3,COS
Cosentino,Zona 2 S-3,S3-M41,S3-Ventilador M41,Dekton,ZONA 2 A SECADOR 3,COS
Cosentino,Zona 2 S-3,S3-M42,S3-Ventilador M42,Dekton,ZONA 2 A SECADOR 3,COS
Cosentino,Zona 2 S-3,S3-M40,S3-Ventilador Extracción M40,Dekton,ZONA 2 A SECADOR 3,COS
Cosentino,Zona 2 S-3,S3-M37,S3-Ventilador Extracción M37,Dekton,ZONA 2 A SECADOR 3,COS
Cosentino,Zona 2 S-3,S3-M19,S3-Ventilador Extracción M19,Dekton,ZONA 2 A SECADOR 3,COS
Cosentino,Zona 2 S-3,S3-M01,S3-Ventilador Extracción M1,Dekton,ZONA 2 A SECADOR 3,COS
Cosentino,Zona 2 S-4,S4-66-M1,S4-Ventilador 66 M1,Dekton,ZONA 2 A SECADOR 4,COS
Cosentino,Zona 2 S-4,S4-66-M2,S4-Ventilador 66 M2,Dekton,ZONA 2 A SECADOR 4,COS
Cosentino,Zona 2 S-4,S4-67-M1,S4-Ventilador 67 M1,Dekton,ZONA 2 A SECADOR 4,COS
Cosentino,Zona 2 S-4,S4-67-M2,S4-Ventilador 67 M2,Dekton,ZONA 2 A SECADOR 4,COS
Cosentino,Zona 2 S-4,S4-68-M1,S4-Ventilador 68 M1,Dekton,ZONA 2 A SECADOR 4,COS
Cosentino,Zona 2 S-4,S4-68-M2,S4-Ventilador 68 M2,Dekton,ZONA 2 A SECADOR 4,COS
Cosentino,Zona 2 S-4,S4-69-M1,S4-Ventilador 69 M1,Dekton,ZONA 2 A SECADOR 4,COS
Cosentino,Zona 2 S-4,S4-69-M2,S4-Ventilador 69 M2,Dekton,ZONA 2 A SECADOR 4,COS
Cosentino,Zona 2 S-4,S4-70-M1,S4-Ventilador 70 M1,Dekton,ZONA 2 A SECADOR 4,COS
Cosentino,Zona 2 S-4,S4-70-M2,S4-Ventilador 70 M2,Dekton,ZONA 2 A SECADOR 4,COS
Cosentino,Zona 2 S-4,S4-71-M1,S4-Ventilador 71 M1,Dekton,ZONA 2 A SECADOR 4,COS
Cosentino,Zona 2 S-4,S4-71-M2,S4-Ventilador 71 M2,Dekton,ZONA 2 A SECADOR 4,COS
Cosentino,Zona 2 S-4,S4-72-M1,S4-Ventilador 72 M1,Dekton,ZONA 2 A SECADOR 4,COS
Cosentino,Zona 2 S-4,S4-72-M2,S4-Ventilador 72 M2,Dekton,ZONA 2 A SECADOR 4,COS
Cosentino,Zona 2 S-4,S4-73-M1,S4-Ventilador 73 M1,Dekton,ZONA 2 A SECADOR 4,COS
Cosentino,Zona 2 S-4,S4-73-M2,S4-Ventilador 73 M2,Dekton,ZONA 2 A SECADOR 4,COS
Cosentino,Zona 2 S-4,S4-74-M1,S4-Ventilador 74 M1,Dekton,ZONA 2 A SECADOR 4,COS
Cosentino,Zona 2 S-4,S4-74-M2,S4-Ventilador 74 M2,Dekton,ZONA 2 A SECADOR 4,COS
Cosentino,Zona 2 S-4,S4-75-M1,S4-Ventilador 75 M1,Dekton,ZONA 2 A SECADOR 4,COS
Cosentino,Zona 2 S-4,S4-75-M2,S4-Ventilador 75 M2,Dekton,ZONA 2 A SECADOR 4,COS
Cosentino,Zona 2 S-4,S4-76-M1,S4-Ventilador 76 M1,Dekton,ZONA 2 A SECADOR 4,COS
Cosentino,Zona 2 S-4,S4-76-M2,S4-Ventilador 76 M2,Dekton,ZONA 2 A SECADOR 4,COS
Cosentino,Zona 2 S-4,S4-77-M1,S4-Ventilador 77 M1,Dekton,ZONA 2 A SECADOR 4,COS
Cosentino,Zona 2 S-4,S4-77-M2,S4-Ventilador 77 M2,Dekton,ZONA 2 A SECADOR 4,COS
Cosentino,Zona 2 S-4,S4-78-M1,S4-Ventilador 78 M1,Dekton,ZONA 2 A SECADOR 4,COS
Cosentino,Zona 2 S-4,S4-78-M2,S4-Ventilador 78 M2,Dekton,ZONA 2 A SECADOR 4,COS
Cosentino,Zona 2 S-4,S4-79-M1,S4-Ventilador 79 M1,Dekton,ZONA 2 A SECADOR 4,COS
Cosentino,Zona 2 S-4,S4-79-M2,S4-Ventilador 79 M2,Dekton,ZONA 2 A SECADOR 4,COS
Cosentino,Zona 2 S-4,S4-63-M1,S4-Ventilador Extracción 63 M1,Dekton,ZONA 2 A SECADOR 4,COS
Cosentino,Zona 2 S-4,S4-62-M1,S4-Ventilador Extracción 62 M1,Dekton,ZONA 2 A SECADOR 4,COS
Cosentino,Zona 2 S-4,S4-61-M1,S4-Ventilador Extracción 61 M1,Dekton,ZONA 2 A SECADOR 4,COS
Cosentino,Zona 2 S-4,S4-60-M1,S4-Ventilador Extracción 60 M1,Dekton,ZONA 2 A SECADOR 4,COS
Cosentino,Zona 2 S-5,S5-66-M1,S5-Ventilador 66 M1,Dekton,ZONA 2 A SECADOR 5,COS
Cosentino,Zona 2 S-5,S5-66-M2,S5-Ventilador 66 M2,Dekton,ZONA 2 A SECADOR 5,COS
Cosentino,Zona 2 S-5,S5-67-M1,S5-Ventilador 67 M1,Dekton,ZONA 2 A SECADOR 5,COS
Cosentino,Zona 2 S-5,S5-67-M2,S5-Ventilador 67 M2,Dekton,ZONA 2 A SECADOR 5,COS
Cosentino,Zona 2 S-5,S5-68-M1,S5-Ventilador 68 M1,Dekton,ZONA 2 A SECADOR 5,COS
Cosentino,Zona 2 S-5,S5-68-M2,S5-Ventilador 68 M2,Dekton,ZONA 2 A SECADOR 5,COS
Cosentino,Zona 2 S-5,S5-69-M1,S5-Ventilador 69 M1,Dekton,ZONA 2 A SECADOR 5,COS
Cosentino,Zona 2 S-5,S5-69-M2,S5-Ventilador 69 M2,Dekton,ZONA 2 A SECADOR 5,COS
Cosentino,Zona 2 S-5,S5-70-M1,S5-Ventilador 70 M1,Dekton,ZONA 2 A SECADOR 5,COS
Cosentino,Zona 2 S-5,S5-70-M2,S5-Ventilador 70 M2,Dekton,ZONA 2 A SECADOR 5,COS
Cosentino,Zona 2 S-5,S5-71-M1,S5-Ventilador 71 M1,Dekton,ZONA 2 A SECADOR 5,COS
Cosentino,Zona 2 S-5,S5-71-M2,S5-Ventilador 71 M2,Dekton,ZONA 2 A SECADOR 5,COS
Cosentino,Zona 2 S-5,S5-72-M1,S5-Ventilador 72 M1,Dekton,ZONA 2 A SECADOR 5,COS
Cosentino,Zona 2 S-5,S5-72-M2,S5-Ventilador 72 M2,Dekton,ZONA 2 A SECADOR 5,COS
Cosentino,Zona 2 S-5,S5-73-M1,S5-Ventilador 73 M1,Dekton,ZONA 2 A SECADOR 5,COS
Cosentino,Zona 2 S-5,S5-73-M2,S5-Ventilador 73 M2,Dekton,ZONA 2 A SECADOR 5,COS
Cosentino,Zona 2 S-5,S5-74-M1,S5-Ventilador 74 M1,Dekton,ZONA 2 A SECADOR 5,COS
Cosentino,Zona 2 S-5,S5-74-M2,S5-Ventilador 74 M2,Dekton,ZONA 2 A SECADOR 5,COS
Cosentino,Zona 2 S-5,S5-75-M1,S5-Ventilador 75 M1,Dekton,ZONA 2 A SECADOR 5,COS
Cosentino,Zona 2 S-5,S5-75-M2,S5-Ventilador 75 M2,Dekton,ZONA 2 A SECADOR 5,COS
Cosentino,Zona 2 S-5,S5-76-M1,S5-Ventilador 76 M1,Dekton,ZONA 2 A SECADOR 5,COS
Cosentino,Zona 2 S-5,S5-76-M2,S5-Ventilador 76 M2,Dekton,ZONA 2 A SECADOR 5,COS
Cosentino,Zona 2 S-5,S5-77-M1,S5-Ventilador 77 M1,Dekton,ZONA 2 A SECADOR 5,COS
Cosentino,Zona 2 S-5,S5-77-M2,S5-Ventilador 77 M2,Dekton,ZONA 2 A SECADOR 5,COS
Cosentino,Zona 2 S-5,S5-78-M1,S5-Ventilador 78 M1,Dekton,ZONA 2 A SECADOR 5,COS
Cosentino,Zona 2 S-5,S5-78-M2,S5-Ventilador 78 M2,Dekton,ZONA 2 A SECADOR 5,COS
Cosentino,Zona 2 S-5,S5-79-M1,S5-Ventilador 79 M1,Dekton,ZONA 2 A SECADOR 5,COS
Cosentino,Zona 2 S-5,S5-79-M2,S5-Ventilador 79 M2,Dekton,ZONA 2 A SECADOR 5,COS
Cosentino,Zona 2 S-5,S5-63-M1,S5-Ventilador Extracción 63 M1,Dekton,ZONA 2 A SECADOR 5,COS
Cosentino,Zona 2 S-5,S5-62-M1,S5-Ventilador Extracción 62 M1,Dekton,ZONA 2 A SECADOR 5,COS
Cosentino,Zona 2 S-5,S5-61-M1,S5-Ventilador Extracción 61 M1,Dekton,ZONA 2 A SECADOR 5,COS
Cosentino,Zona 2 S-5,S5-60-M1,S5-Ventilador Extracción 60 M1,Dekton,ZONA 2 A SECADOR 5,COS
Cosentino,Zona 2 S-6,S6-66-M1,S6-Ventilador 66 M1,Dekton,ZONA 2 A SECADOR 6,COS
Cosentino,Zona 2 S-6,S6-66-M2,S6-Ventilador 66 M2,Dekton,ZONA 2 A SECADOR 6,COS
Cosentino,Zona 2 S-6,S6-67-M1,S6-Ventilador 67 M1,Dekton,ZONA 2 A SECADOR 6,COS
Cosentino,Zona 2 S-6,S6-67-M2,S6-Ventilador 67 M2,Dekton,ZONA 2 A SECADOR 6,COS
Cosentino,Zona 2 S-6,S6-68-M1,S6-Ventilador 68 M1,Dekton,ZONA 2 A SECADOR 6,COS
Cosentino,Zona 2 S-6,S6-68-M2,S6-Ventilador 68 M2,Dekton,ZONA 2 A SECADOR 6,COS
Cosentino,Zona 2 S-6,S6-69-M1,S6-Ventilador 69 M1,Dekton,ZONA 2 A SECADOR 6,COS
Cosentino,Zona 2 S-6,S6-69-M2,S6-Ventilador 69 M2,Dekton,ZONA 2 A SECADOR 6,COS
Cosentino,Zona 2 S-6,S6-70-M1,S6-Ventilador 70 M1,Dekton,ZONA 2 A SECADOR 6,COS
Cosentino,Zona 2 S-6,S6-70-M2,S6-Ventilador 70 M2,Dekton,ZONA 2 A SECADOR 6,COS
Cosentino,Zona 2 S-6,S6-71-M1,S6-Ventilador 71 M1,Dekton,ZONA 2 A SECADOR 6,COS
Cosentino,Zona 2 S-6,S6-71-M2,S6-Ventilador 71 M2,Dekton,ZONA 2 A SECADOR 6,COS
Cosentino,Zona 2 S-6,S6-72-M1,S6-Ventilador 72 M1,Dekton,ZONA 2 A SECADOR 6,COS
Cosentino,Zona 2 S-6,S6-72-M2,S6-Ventilador 72 M2,Dekton,ZONA 2 A SECADOR 6,COS
Cosentino,Zona 2 S-6,S6-73-M1,S6-Ventilador 73 M1,Dekton,ZONA 2 A SECADOR 6,COS
Cosentino,Zona 2 S-6,S6-73-M2,S6-Ventilador 73 M2,Dekton,ZONA 2 A SECADOR 6,COS
Cosentino,Zona 2 S-6,S6-74-M1,S6-Ventilador 74 M1,Dekton,ZONA 2 A SECADOR 6,COS
Cosentino,Zona 2 S-6,S6-74-M2,S6-Ventilador 74 M2,Dekton,ZONA 2 A SECADOR 6,COS
Cosentino,Zona 2 S-6,S6-75-M1,S6-Ventilador 75 M1,Dekton,ZONA 2 A SECADOR 6,COS
Cosentino,Zona 2 S-6,S6-75-M2,S6-Ventilador 75 M2,Dekton,ZONA 2 A SECADOR 6,COS
Cosentino,Zona 2 S-6,S6-76-M1,S6-Ventilador 76 M1,Dekton,ZONA 2 A SECADOR 6,COS
Cosentino,Zona 2 S-6,S6-76-M2,S6-Ventilador 76 M2,Dekton,ZONA 2 A SECADOR 6,COS
Cosentino,Zona 2 S-6,S6-77-M1,S6-Ventilador 77 M1,Dekton,ZONA 2 A SECADOR 6,COS
Cosentino,Zona 2 S-6,S6-77-M2,S6-Ventilador 77 M2,Dekton,ZONA 2 A SECADOR 6,COS
Cosentino,Zona 2 S-6,S6-78-M1,S6-Ventilador 78 M1,Dekton,ZONA 2 A SECADOR 6,COS
Cosentino,Zona 2 S-6,S6-78-M2,S6-Ventilador 78 M2,Dekton,ZONA 2 A SECADOR 6,COS
Cosentino,Zona 2 S-6,S6-79-M1,S6-Ventilador 79 M1,Dekton,ZONA 2 A SECADOR 6,COS
Cosentino,Zona 2 S-6,S6-79-M2,S6-Ventilador 79 M2,Dekton,ZONA 2 A SECADOR 6,COS
Cosentino,Zona 2 S-6,S6-63-M1,S6-Ventilador Extracción 63 M1,Dekton,ZONA 2 A SECADOR 6,COS
Cosentino,Zona 2 S-6,S6-62-M1,S6-Ventilador Extracción 62 M1,Dekton,ZONA 2 A SECADOR 6,COS
Cosentino,Zona 2 S-6,S6-61-M1,S6-Ventilador Extracción 61 M1,Dekton,ZONA 2 A SECADOR 6,COS
Cosentino,Zona 2 S-6,S6-60-M1,S6-Ventilador Extracción 60 M1,Dekton,ZONA 2 A SECADOR 6,COS
Cosentino,Zona 2 S-2,S2-M02,S2-Ventilador M2,Dekton,ZONA 2 A SECADOR 2,COS
Cosentino,Zona 2 S-2,S2-M03,S2-Ventilador M3,Dekton,ZONA 2 A SECADOR 2,COS
Cosentino,Zona 2 S-2,S2-M05,S2-Ventilador M5,Dekton,ZONA 2 A SECADOR 2,COS
Cosentino,Zona 2 S-2,S2-M06,S2-Ventilador M6,Dekton,ZONA 2 A SECADOR 2,COS
Cosentino,Zona 2 S-2,S2-M08,S2-Ventilador M8,Dekton,ZONA 2 A SECADOR 2,COS
Cosentino,Zona 2 S-2,S2-M09,S2-Ventilador M9,Dekton,ZONA 2 A SECADOR 2,COS
Cosentino,Zona 2 S-2,S2-M11,S2-Ventilador M11,Dekton,ZONA 2 A SECADOR 2,COS
Cosentino,Zona 2 S-2,S2-M12,S2-Ventilador M12,Dekton,ZONA 2 A SECADOR 2,COS
Cosentino,Zona 2 S-2,S2-M14,S2-Ventilador M14,Dekton,ZONA 2 A SECADOR 2,COS
Cosentino,Zona 2 S-2,S2-M15,S2-Ventilador M15,Dekton,ZONA 2 A SECADOR 2,COS
Cosentino,Zona 2 S-2,S2-M17,S2-Ventilador M17,Dekton,ZONA 2 A SECADOR 2,COS
Cosentino,Zona 2 S-2,S2-M18,S2-Ventilador M18,Dekton,ZONA 2 A SECADOR 2,COS
Cosentino,Zona 2 S-2,S2-M20,S2-Ventilador M20,Dekton,ZONA 2 A SECADOR 2,COS
Cosentino,Zona 2 S-2,S2-M21,S2-Ventilador M21,Dekton,ZONA 2 A SECADOR 2,COS
Cosentino,Zona 2 S-2,S2-M23,S2-Ventilador M23,Dekton,ZONA 2 A SECADOR 2,COS
Cosentino,Zona 2 S-2,S2-M24,S2-Ventilador M24,Dekton,ZONA 2 A SECADOR 2,COS
Cosentino,Zona 2 S-2,S2-M26,S2-Ventilador M26,Dekton,ZONA 2 A SECADOR 2,COS
Cosentino,Zona 2 S-2,S2-M27,S2-Ventilador M27,Dekton,ZONA 2 A SECADOR 2,COS
Cosentino,Zona 2 S-2,S2-M29,S2-Ventilador M29,Dekton,ZONA 2 A SECADOR 2,COS
Cosentino,Zona 2 S-2,S2-M30,S2-Ventilador M30,Dekton,ZONA 2 A SECADOR 2,COS
Cosentino,Zona 2 S-2,S2-M32,S2-Ventilador M32,Dekton,ZONA 2 A SECADOR 2,COS
Cosentino,Zona 2 S-2,S2-M33,S2-Ventilador M33,Dekton,ZONA 2 A SECADOR 2,COS
Cosentino,Zona 2 S-2,S2-M35,S2-Ventilador M35,Dekton,ZONA 2 A SECADOR 2,COS
Cosentino,Zona 2 S-2,S2-M36,S2-Ventilador M36,Dekton,ZONA 2 A SECADOR 2,COS
Cosentino,Zona 2 S-2,S2-M38,S2-Ventilador M38,Dekton,ZONA 2 A SECADOR 2,COS
Cosentino,Zona 2 S-2,S2-M39,S2-Ventilador M39,Dekton,ZONA 2 A SECADOR 2,COS
Cosentino,Zona 2 S-2,S2-M41,S2-Ventilador M41,Dekton,ZONA 2 A SECADOR 2,COS
Cosentino,Zona 2 S-2,S2-M42,S2-Ventilador M42,Dekton,ZONA 2 A SECADOR 2,COS
Cosentino,Zona 2 S-2,S2-M40,S2-Ventilador Extracción M40,Dekton,ZONA 2 A SECADOR 2,COS
Cosentino,Zona 2 S-2,S2-M37,S2-Ventilador Extracción M37,Dekton,ZONA 2 A SECADOR 2,COS
Cosentino,Zona 2 S-2,S2-M19,S2-Ventilador Extracción M19,Dekton,ZONA 2 A SECADOR 2,COS
Cosentino,Zona 2 S-2,S2-M01,S2-Ventilador Extracción M1,Dekton,ZONA 2 A SECADOR 2,COS
